[
    {
        "pk": 1,
        "model": "skosxl.concept",
        "fields": {
            "definition": "",
            "author": "",
            "modified": "2011-08-11 14:34:46",
            "changenote": "",
            "created": "2011-08-11 14:34:46"
        }
    },
    {
        "pk": 2,
        "model": "skosxl.concept",
        "fields": {
            "definition": "Production agricole, cueillette et \u00e9levage.",
            "author": "",
            "modified": "2011-09-06 00:36:01",
            "changenote": "",
            "created": "2011-09-06 00:36:01"
        }
    },
    {
        "pk": 3,
        "model": "skosxl.concept",
        "fields": {
            "definition": "",
            "author": "",
            "modified": "2011-12-03 18:47:57",
            "changenote": "",
            "created": "2011-12-03 18:44:50"
        }
    },
    {
        "pk": 1,
        "model": "skosxl.term",
        "fields": {
            "language": "@fr",
            "author": "",
            "created": "2011-08-11 14:21:35",
            "modified": "2011-11-22 19:17:04",
            "literal": "solidaire",
            "slug": "solidaire",
            "occurences": 2
        }
    },
    {
        "pk": 2,
        "model": "skosxl.term",
        "fields": {
            "language": "@fr",
            "author": "",
            "created": "2011-08-11 14:33:56",
            "modified": "2011-11-22 19:17:04",
            "literal": "Economie Solidaire",
            "slug": "economie-solidaire",
            "occurences": 1
        }
    },
    {
        "pk": 3,
        "model": "skosxl.term",
        "fields": {
            "language": "@es",
            "author": "",
            "created": "2011-08-11 14:34:32",
            "modified": "2011-11-22 19:17:04",
            "literal": "Economia Solidaria",
            "slug": "economia-solidaria",
            "occurences": 0
        }
    },
    {
        "pk": 4,
        "model": "skosxl.term",
        "fields": {
            "language": "@fr",
            "author": "",
            "created": "2011-09-06 00:28:19",
            "modified": "2011-11-22 19:17:04",
            "literal": "agriculture",
            "slug": "agriculture",
            "occurences": 1
        }
    },
    {
        "pk": 6,
        "model": "skosxl.term",
        "fields": {
            "language": "@fr",
            "author": "",
            "created": "2011-09-06 06:50:01",
            "modified": "2011-11-22 19:17:04",
            "literal": "panier",
            "slug": "panier",
            "occurences": 0
        }
    },
    {
        "pk": 7,
        "model": "skosxl.term",
        "fields": {
            "language": "@fr",
            "author": "",
            "created": "2011-09-06 06:50:22",
            "modified": "2011-11-22 19:17:04",
            "literal": "citoyen",
            "slug": "citoyen",
            "occurences": 0
        }
    },
    {
        "pk": 8,
        "model": "skosxl.term",
        "fields": {
            "language": "@fr",
            "author": "",
            "created": "2011-09-06 06:58:45",
            "modified": "2011-11-22 19:17:04",
            "literal": "recyclage",
            "slug": "recyclage",
            "occurences": 1
        }
    },
    {
        "pk": 9,
        "model": "skosxl.term",
        "fields": {
            "language": "@fr",
            "author": "",
            "created": "2011-09-06 06:58:51",
            "modified": "2011-11-22 19:17:04",
            "literal": "for\u00eat",
            "slug": "foret",
            "occurences": 0
        }
    },
    {
        "pk": 10,
        "model": "skosxl.term",
        "fields": {
            "language": "@fr",
            "author": "",
            "created": "2011-09-06 06:59:10",
            "modified": "2011-11-22 19:17:04",
            "literal": "accompagnement",
            "slug": "accompagnement",
            "occurences": 0
        }
    },
    {
        "pk": 11,
        "model": "skosxl.term",
        "fields": {
            "language": "@fr",
            "author": "",
            "created": "2011-09-06 06:59:21",
            "modified": "2011-11-22 19:17:04",
            "literal": "mise en r\u00e9seau",
            "slug": "mise-en-reseau",
            "occurences": 0
        }
    },
    {
        "pk": 12,
        "model": "skosxl.term",
        "fields": {
            "language": "@fr",
            "author": "",
            "created": "2011-09-06 06:59:25",
            "modified": "2011-11-22 19:17:04",
            "literal": "handicap",
            "slug": "handicap",
            "occurences": 1
        }
    },
    {
        "pk": 13,
        "model": "skosxl.term",
        "fields": {
            "language": "@fr",
            "author": "",
            "created": "2011-09-06 06:59:46",
            "modified": "2011-11-22 19:17:04",
            "literal": "d\u00e9marches administratives",
            "slug": "demarches-administratives",
            "occurences": 2
        }
    },
    {
        "pk": 14,
        "model": "skosxl.term",
        "fields": {
            "language": "@fr",
            "author": "",
            "created": "2011-09-06 06:59:53",
            "modified": "2011-11-22 19:17:04",
            "literal": "exclusion",
            "slug": "exclusion",
            "occurences": 3
        }
    },
    {
        "pk": 15,
        "model": "skosxl.term",
        "fields": {
            "language": "@fr",
            "author": "",
            "created": "2011-09-06 07:00:07",
            "modified": "2011-11-22 19:17:04",
            "literal": "ch\u00f4mage",
            "slug": "chomage",
            "occurences": 1
        }
    },
    {
        "pk": 16,
        "model": "skosxl.term",
        "fields": {
            "language": "@fr",
            "author": "",
            "created": "2011-09-06 07:00:13",
            "modified": "2011-11-22 19:17:04",
            "literal": "ruralit\u00e9",
            "slug": "ruralite",
            "occurences": 0
        }
    },
    {
        "pk": 17,
        "model": "skosxl.term",
        "fields": {
            "language": "@fr",
            "author": "",
            "created": "2011-09-06 07:00:20",
            "modified": "2011-11-22 19:17:04",
            "literal": "environnement",
            "slug": "environnement",
            "occurences": 0
        }
    },
    {
        "pk": 18,
        "model": "skosxl.term",
        "fields": {
            "language": "@fr",
            "author": "",
            "created": "2011-09-06 07:00:35",
            "modified": "2011-11-22 19:17:04",
            "literal": "\u00e9ducation \u00e0 l'environnement",
            "slug": "education-a-lenvironnement",
            "occurences": 3
        }
    },
    {
        "pk": 19,
        "model": "skosxl.term",
        "fields": {
            "language": "@fr",
            "author": "",
            "created": "2011-09-06 07:00:44",
            "modified": "2011-11-22 19:17:04",
            "literal": "loisirs",
            "slug": "loisirs",
            "occurences": 0
        }
    },
    {
        "pk": 20,
        "model": "skosxl.term",
        "fields": {
            "language": "@fr",
            "author": "",
            "created": "2011-09-06 07:01:12",
            "modified": "2011-11-22 19:17:04",
            "literal": "gestion alternative",
            "slug": "gestion-alternative",
            "occurences": 0
        }
    },
    {
        "pk": 21,
        "model": "skosxl.term",
        "fields": {
            "language": "@fr",
            "author": "",
            "created": "2011-09-06 07:01:16",
            "modified": "2011-11-22 19:17:04",
            "literal": "l\u00e9gumes",
            "slug": "legumes",
            "occurences": 0
        }
    },
    {
        "pk": 22,
        "model": "skosxl.term",
        "fields": {
            "language": "@fr",
            "author": "",
            "created": "2011-09-06 07:01:28",
            "modified": "2011-11-22 19:17:04",
            "literal": "v\u00eatements",
            "slug": "vetements",
            "occurences": 4
        }
    },
    {
        "pk": 23,
        "model": "skosxl.term",
        "fields": {
            "language": "@fr",
            "author": "",
            "created": "2011-09-06 07:01:36",
            "modified": "2011-11-22 19:17:04",
            "literal": "artisanat",
            "slug": "artisanat",
            "occurences": 1
        }
    },
    {
        "pk": 24,
        "model": "skosxl.term",
        "fields": {
            "language": "@fr",
            "author": "",
            "created": "2011-09-06 07:01:45",
            "modified": "2011-11-22 19:17:04",
            "literal": "th\u00e9\u00e2tre",
            "slug": "theatre",
            "occurences": 1
        }
    },
    {
        "pk": 25,
        "model": "skosxl.term",
        "fields": {
            "language": "@fr",
            "author": "",
            "created": "2011-09-06 07:01:52",
            "modified": "2011-11-22 19:17:04",
            "literal": "spectacle vivant",
            "slug": "spectacle-vivant",
            "occurences": 0
        }
    },
    {
        "pk": 26,
        "model": "skosxl.term",
        "fields": {
            "language": "@fr",
            "author": "",
            "created": "2011-09-06 07:01:56",
            "modified": "2011-11-22 19:17:04",
            "literal": "culture",
            "slug": "culture",
            "occurences": 3
        }
    },
    {
        "pk": 27,
        "model": "skosxl.term",
        "fields": {
            "language": "@fr",
            "author": "",
            "created": "2011-09-06 07:02:02",
            "modified": "2011-11-22 19:17:04",
            "literal": "transport",
            "slug": "transport",
            "occurences": 0
        }
    },
    {
        "pk": 28,
        "model": "skosxl.term",
        "fields": {
            "language": "@fr",
            "author": "",
            "created": "2011-09-06 07:02:17",
            "modified": "2011-11-22 19:17:04",
            "literal": "logement",
            "slug": "logement",
            "occurences": 0
        }
    },
    {
        "pk": 29,
        "model": "skosxl.term",
        "fields": {
            "language": "@fr",
            "author": "",
            "created": "2011-09-06 07:02:21",
            "modified": "2011-11-22 19:17:04",
            "literal": "habitat",
            "slug": "habitat",
            "occurences": 0
        }
    },
    {
        "pk": 30,
        "model": "skosxl.term",
        "fields": {
            "language": "@fr",
            "author": "",
            "created": "2011-09-06 07:02:25",
            "modified": "2011-11-22 19:17:04",
            "literal": "construction",
            "slug": "construction",
            "occurences": 0
        }
    },
    {
        "pk": 31,
        "model": "skosxl.term",
        "fields": {
            "language": "@fr",
            "author": "",
            "created": "2011-09-06 07:02:30",
            "modified": "2011-11-22 19:17:04",
            "literal": "eco-construction",
            "slug": "eco-construction",
            "occurences": 0
        }
    },
    {
        "pk": 32,
        "model": "skosxl.term",
        "fields": {
            "language": "@fr",
            "author": "",
            "created": "2011-09-06 07:02:42",
            "modified": "2011-11-22 19:17:04",
            "literal": "mat\u00e9riaux \u00e9cologiques",
            "slug": "materiaux-ecologiques",
            "occurences": 0
        }
    },
    {
        "pk": 33,
        "model": "skosxl.term",
        "fields": {
            "language": "@fr",
            "author": "",
            "created": "2011-09-06 07:02:49",
            "modified": "2011-11-22 19:17:04",
            "literal": "apprentissage",
            "slug": "apprentissage",
            "occurences": 1
        }
    },
    {
        "pk": 34,
        "model": "skosxl.term",
        "fields": {
            "language": "@fr",
            "author": "",
            "created": "2011-09-06 07:02:54",
            "modified": "2011-11-22 19:17:05",
            "literal": "formation continue",
            "slug": "formation-continue",
            "occurences": 1
        }
    },
    {
        "pk": 35,
        "model": "skosxl.term",
        "fields": {
            "language": "@fr",
            "author": "",
            "created": "2011-09-06 07:03:13",
            "modified": "2011-11-22 19:17:05",
            "literal": "m\u00e9diation animale",
            "slug": "mediation-animale",
            "occurences": 0
        }
    },
    {
        "pk": 36,
        "model": "skosxl.term",
        "fields": {
            "language": "@fr",
            "author": "",
            "created": "2011-09-06 07:03:17",
            "modified": "2011-11-22 19:17:05",
            "literal": "animation",
            "slug": "animation",
            "occurences": 3
        }
    },
    {
        "pk": 37,
        "model": "skosxl.term",
        "fields": {
            "language": "@fr",
            "author": "",
            "created": "2011-09-06 07:03:25",
            "modified": "2011-11-22 19:17:05",
            "literal": "sport",
            "slug": "sport",
            "occurences": 0
        }
    },
    {
        "pk": 38,
        "model": "skosxl.term",
        "fields": {
            "language": "@fr",
            "author": "",
            "created": "2011-09-06 07:03:32",
            "modified": "2011-11-22 19:17:05",
            "literal": "lien social",
            "slug": "lien-social",
            "occurences": 0
        }
    },
    {
        "pk": 39,
        "model": "skosxl.term",
        "fields": {
            "language": "@fr",
            "author": "",
            "created": "2011-09-06 07:03:39",
            "modified": "2011-11-22 19:17:05",
            "literal": "proximit\u00e9",
            "slug": "proximite",
            "occurences": 1
        }
    },
    {
        "pk": 40,
        "model": "skosxl.term",
        "fields": {
            "language": "@fr",
            "author": "",
            "created": "2011-09-06 07:04:25",
            "modified": "2011-11-22 19:17:05",
            "literal": "insertion",
            "slug": "insertion",
            "occurences": 0
        }
    },
    {
        "pk": 41,
        "model": "skosxl.term",
        "fields": {
            "language": "@fr",
            "author": "",
            "created": "2011-09-06 07:04:34",
            "modified": "2011-11-22 19:17:05",
            "literal": "insertion par le travail",
            "slug": "insertion-par-le-travail",
            "occurences": 3
        }
    },
    {
        "pk": 42,
        "model": "skosxl.term",
        "fields": {
            "language": "@fr",
            "author": "",
            "created": "2011-09-06 07:05:01",
            "modified": "2011-11-22 19:17:05",
            "literal": "petite enfance",
            "slug": "petite-enfance",
            "occurences": 0
        }
    },
    {
        "pk": 43,
        "model": "skosxl.term",
        "fields": {
            "language": "@fr",
            "author": "",
            "created": "2011-09-06 07:05:08",
            "modified": "2011-11-22 19:17:05",
            "literal": "jeux",
            "slug": "jeux",
            "occurences": 0
        }
    },
    {
        "pk": 44,
        "model": "skosxl.term",
        "fields": {
            "language": "@fr",
            "author": "",
            "created": "2011-09-06 07:05:25",
            "modified": "2011-11-22 19:17:05",
            "literal": "livre",
            "slug": "livre",
            "occurences": 3
        }
    },
    {
        "pk": 45,
        "model": "skosxl.term",
        "fields": {
            "language": "@fr",
            "author": "",
            "created": "2011-09-06 07:05:30",
            "modified": "2011-11-22 19:17:05",
            "literal": "documentation",
            "slug": "documentation",
            "occurences": 0
        }
    },
    {
        "pk": 46,
        "model": "skosxl.term",
        "fields": {
            "language": "@fr",
            "author": "",
            "created": "2011-09-06 07:05:46",
            "modified": "2011-11-22 19:17:05",
            "literal": "alimentation",
            "slug": "alimentation",
            "occurences": 0
        }
    },
    {
        "pk": 47,
        "model": "skosxl.term",
        "fields": {
            "language": "@fr",
            "author": "",
            "created": "2011-09-06 07:05:51",
            "modified": "2011-11-22 19:17:05",
            "literal": "bien-\u00eatre",
            "slug": "bien-etre",
            "occurences": 0
        }
    },
    {
        "pk": 48,
        "model": "skosxl.term",
        "fields": {
            "language": "@fr",
            "author": "",
            "created": "2011-09-06 07:25:00",
            "modified": "2011-11-22 19:17:05",
            "literal": "services",
            "slug": "services",
            "occurences": 0
        }
    },
    {
        "pk": 49,
        "model": "skosxl.term",
        "fields": {
            "language": "@fr",
            "author": "",
            "created": "2011-09-06 07:25:09",
            "modified": "2011-11-22 19:17:05",
            "literal": "services \u00e0 la personne",
            "slug": "services-a-la-personne",
            "occurences": 1
        }
    },
    {
        "pk": 50,
        "model": "skosxl.term",
        "fields": {
            "language": "@fr",
            "author": "",
            "created": "2011-09-06 07:25:29",
            "modified": "2011-11-22 19:17:05",
            "literal": "coop\u00e9ration",
            "slug": "cooperation",
            "occurences": 0
        }
    },
    {
        "pk": 51,
        "model": "skosxl.term",
        "fields": {
            "language": "@fr",
            "author": "",
            "created": "2011-09-06 07:25:38",
            "modified": "2011-11-22 19:17:05",
            "literal": "partage",
            "slug": "partage",
            "occurences": 0
        }
    },
    {
        "pk": 52,
        "model": "skosxl.term",
        "fields": {
            "language": "@fr",
            "author": "",
            "created": "2011-09-06 07:25:49",
            "modified": "2011-11-22 19:17:05",
            "literal": "financement",
            "slug": "financement",
            "occurences": 0
        }
    },
    {
        "pk": 53,
        "model": "skosxl.term",
        "fields": {
            "language": "@fr",
            "author": "",
            "created": "2011-09-06 07:25:55",
            "modified": "2011-11-22 19:17:05",
            "literal": "\u00e9ducation",
            "slug": "education",
            "occurences": 0
        }
    },
    {
        "pk": 54,
        "model": "skosxl.term",
        "fields": {
            "language": "@fr",
            "author": "",
            "created": "2011-09-06 07:27:09",
            "modified": "2011-11-22 19:17:05",
            "literal": "commerce \u00e9quitable",
            "slug": "commerce-equitable",
            "occurences": 0
        }
    },
    {
        "pk": 55,
        "model": "skosxl.term",
        "fields": {
            "language": "@fr",
            "author": "",
            "created": "2011-09-06 07:27:17",
            "modified": "2011-11-22 19:17:05",
            "literal": "agriculture biologique",
            "slug": "agriculture-biologique",
            "occurences": 0
        }
    },
    {
        "pk": 56,
        "model": "skosxl.term",
        "fields": {
            "language": "@fr",
            "author": "",
            "created": "2011-09-06 07:27:21",
            "modified": "2011-11-22 19:17:05",
            "literal": "\u00e9cologie",
            "slug": "ecologie",
            "occurences": 0
        }
    },
    {
        "pk": 57,
        "model": "skosxl.term",
        "fields": {
            "language": "@fr",
            "author": "",
            "created": "2011-09-06 07:28:08",
            "modified": "2011-11-22 19:17:05",
            "literal": "patrimoine",
            "slug": "patrimoine",
            "occurences": 2
        }
    },
    {
        "pk": 58,
        "model": "skosxl.term",
        "fields": {
            "language": "@fr",
            "author": "",
            "created": "2011-09-06 07:28:40",
            "modified": "2011-11-22 19:17:05",
            "literal": "amap",
            "slug": "amap",
            "occurences": 0
        }
    },
    {
        "pk": 59,
        "model": "skosxl.term",
        "fields": {
            "language": "@fr",
            "author": "",
            "created": "2011-09-06 07:29:05",
            "modified": "2011-11-22 19:17:05",
            "literal": "tourisme",
            "slug": "tourisme",
            "occurences": 1
        }
    },
    {
        "pk": 60,
        "model": "skosxl.term",
        "fields": {
            "language": "@fr",
            "author": "",
            "created": "2011-09-06 07:29:13",
            "modified": "2011-11-22 19:17:05",
            "literal": "h\u00e9bergement",
            "slug": "hebergement",
            "occurences": 1
        }
    },
    {
        "pk": 61,
        "model": "skosxl.term",
        "fields": {
            "language": "@fr",
            "author": "",
            "created": "2011-09-06 07:29:19",
            "modified": "2011-11-22 19:17:05",
            "literal": "tourisme rural",
            "slug": "tourisme-rural",
            "occurences": 1
        }
    },
    {
        "pk": 62,
        "model": "skosxl.term",
        "fields": {
            "language": "@fr",
            "author": "",
            "created": "2011-09-06 07:30:40",
            "modified": "2011-11-22 19:17:05",
            "literal": "musique",
            "slug": "musique",
            "occurences": 3
        }
    },
    {
        "pk": 63,
        "model": "skosxl.term",
        "fields": {
            "language": "@fr",
            "author": "",
            "created": "2011-09-06 07:31:19",
            "modified": "2011-11-22 19:17:05",
            "literal": "itin\u00e9rant",
            "slug": "itinerant",
            "occurences": 0
        }
    },
    {
        "pk": 64,
        "model": "skosxl.term",
        "fields": {
            "language": "@fr",
            "author": "",
            "created": "2011-09-06 07:35:35",
            "modified": "2011-11-22 19:17:05",
            "literal": "cr\u00e9ation d'entreprise",
            "slug": "creation-dentreprise",
            "occurences": 0
        }
    },
    {
        "pk": 65,
        "model": "skosxl.term",
        "fields": {
            "language": "@fr",
            "author": "",
            "created": "2011-09-06 07:35:45",
            "modified": "2011-11-22 19:17:05",
            "literal": "d\u00e9veloppement local",
            "slug": "developpement-local",
            "occurences": 2
        }
    },
    {
        "pk": 66,
        "model": "skosxl.term",
        "fields": {
            "language": "@fr",
            "author": "",
            "created": "2011-09-06 07:36:59",
            "modified": "2011-11-22 19:17:05",
            "literal": "Egalit\u00e9 hommes-femmes",
            "slug": "egalite-hommes-femmes",
            "occurences": 1
        }
    },
    {
        "pk": 67,
        "model": "skosxl.term",
        "fields": {
            "language": "@fr",
            "author": "",
            "created": "2011-09-06 07:37:14",
            "modified": "2011-11-22 19:17:05",
            "literal": "droits des femmes",
            "slug": "droits-des-femmes",
            "occurences": 1
        }
    },
    {
        "pk": 68,
        "model": "skosxl.term",
        "fields": {
            "language": "@fr",
            "author": "",
            "created": "2011-09-06 07:38:14",
            "modified": "2011-11-22 19:17:05",
            "literal": "\u00e9nergie",
            "slug": "energie",
            "occurences": 1
        }
    },
    {
        "pk": 69,
        "model": "skosxl.term",
        "fields": {
            "language": "@fr",
            "author": "",
            "created": "2011-09-06 07:38:22",
            "modified": "2011-11-22 19:17:05",
            "literal": "panneau solaire",
            "slug": "panneau-solaire",
            "occurences": 1
        }
    },
    {
        "pk": 70,
        "model": "skosxl.term",
        "fields": {
            "language": "@fr",
            "author": "",
            "created": "2011-09-06 07:38:45",
            "modified": "2011-11-22 19:17:05",
            "literal": "coop\u00e9rative",
            "slug": "cooperative",
            "occurences": 3
        }
    },
    {
        "pk": 71,
        "model": "skosxl.term",
        "fields": {
            "language": "@fr",
            "author": "",
            "created": "2011-11-22 18:22:59",
            "modified": "2011-11-22 19:17:05",
            "literal": "paysan",
            "slug": "paysan",
            "occurences": 1
        }
    },
    {
        "pk": 72,
        "model": "skosxl.term",
        "fields": {
            "language": "@fr",
            "author": "",
            "created": "2011-11-22 18:23:11",
            "modified": "2011-11-22 19:17:05",
            "literal": "fermier",
            "slug": "fermier",
            "occurences": 0
        }
    },
    {
        "pk": 73,
        "model": "skosxl.term",
        "fields": {
            "language": "@fr",
            "author": "",
            "created": "2011-11-22 18:23:20",
            "modified": "2011-11-22 19:17:05",
            "literal": "production agricole",
            "slug": "production-agricole",
            "occurences": 0
        }
    },
    {
        "pk": 74,
        "model": "skosxl.term",
        "fields": {
            "language": "@fr",
            "author": "",
            "created": "2011-11-22 18:35:24",
            "modified": "2011-11-22 19:17:05",
            "literal": "services aux collectivit\u00e9s",
            "slug": "services-aux-collectivites",
            "occurences": 1
        }
    },
    {
        "pk": 75,
        "model": "skosxl.term",
        "fields": {
            "language": "@fr",
            "author": "",
            "created": "2011-11-22 18:35:33",
            "modified": "2011-11-22 19:17:05",
            "literal": "textile",
            "slug": "textile",
            "occurences": 1
        }
    },
    {
        "pk": 76,
        "model": "skosxl.term",
        "fields": {
            "language": "@fr",
            "author": "",
            "created": "2011-11-22 18:37:01",
            "modified": "2011-11-22 19:17:05",
            "literal": "distribution",
            "slug": "distribution",
            "occurences": 0
        }
    },
    {
        "pk": 79,
        "model": "skosxl.term",
        "fields": {
            "language": "@fr",
            "author": "",
            "created": "2011-11-22 18:39:59",
            "modified": "2011-11-22 19:17:05",
            "literal": "aide \u00e0 la cr\u00e9ation",
            "slug": "aide-a-la-creation",
            "occurences": 3
        }
    },
    {
        "pk": 80,
        "model": "skosxl.term",
        "fields": {
            "language": "@fr",
            "author": "",
            "created": "2011-11-22 18:42:11",
            "modified": "2011-11-22 19:17:05",
            "literal": "mode",
            "slug": "mode",
            "occurences": 2
        }
    },
    {
        "pk": 81,
        "model": "skosxl.term",
        "fields": {
            "language": "@fr",
            "author": "",
            "created": "2011-11-22 18:43:35",
            "modified": "2011-11-22 19:17:05",
            "literal": "femmes",
            "slug": "femmes",
            "occurences": 2
        }
    },
    {
        "pk": 82,
        "model": "skosxl.term",
        "fields": {
            "language": "@fr",
            "author": "",
            "created": "2011-11-22 18:44:37",
            "modified": "2011-11-22 19:17:05",
            "literal": "immigration",
            "slug": "immigration",
            "occurences": 1
        }
    },
    {
        "pk": 83,
        "model": "skosxl.term",
        "fields": {
            "language": "@fr",
            "author": "",
            "created": "2011-11-22 18:54:15",
            "modified": "2011-11-22 19:17:05",
            "literal": "savoir-faire",
            "slug": "savoir-faire",
            "occurences": 1
        }
    },
    {
        "pk": 84,
        "model": "skosxl.term",
        "fields": {
            "language": "@fr",
            "author": "",
            "created": "2011-11-22 18:54:23",
            "modified": "2011-11-22 19:17:05",
            "literal": "taille de pierre",
            "slug": "taille-de-pierre",
            "occurences": 1
        }
    },
    {
        "pk": 85,
        "model": "skosxl.term",
        "fields": {
            "language": "@fr",
            "author": "",
            "created": "2011-11-22 18:55:20",
            "modified": "2011-11-22 19:17:05",
            "literal": "SCIC",
            "slug": "scic",
            "occurences": 1
        }
    },
    {
        "pk": 86,
        "model": "skosxl.term",
        "fields": {
            "language": "@fr",
            "author": "",
            "created": "2011-11-22 18:57:29",
            "modified": "2011-11-22 19:17:05",
            "literal": "association",
            "slug": "association",
            "occurences": 2
        }
    },
    {
        "pk": 87,
        "model": "skosxl.term",
        "fields": {
            "language": "@fr",
            "author": "",
            "created": "2011-11-22 18:58:04",
            "modified": "2011-11-22 19:17:05",
            "literal": "\u00e9ducation scientifique",
            "slug": "education-scientifique",
            "occurences": 1
        }
    },
    {
        "pk": 88,
        "model": "skosxl.term",
        "fields": {
            "language": "@fr",
            "author": "",
            "created": "2011-11-22 18:58:16",
            "modified": "2011-11-22 19:17:05",
            "literal": "\u00e9ducation populaire",
            "slug": "education-populaire",
            "occurences": 2
        }
    },
    {
        "pk": 1,
        "model": "skosxl.vocabulary",
        "fields": {
            "name": "Rameau",
            "info_url": "http://eculture2.cs.vu.nl:48080/vocreptags/autocompleteplus.jsp"
        }
    },
    {
        "pk": 2,
        "model": "skosxl.vocabulary",
        "fields": {
            "name": "AGROVOC",
            "info_url": "http://aims.fao.org/standards/agrovoc/functionalities/hierarchy"
        }
    },
    {
        "pk": 1,
        "model": "skosxl.label",
        "fields": {
            "term": 1,
            "concept": 1,
            "type": 1
        }
    },
    {
        "pk": 2,
        "model": "skosxl.label",
        "fields": {
            "term": 2,
            "concept": 1,
            "type": 0
        }
    },
    {
        "pk": 3,
        "model": "skosxl.label",
        "fields": {
            "term": 3,
            "concept": 1,
            "type": 0
        }
    },
    {
        "pk": 4,
        "model": "skosxl.label",
        "fields": {
            "term": 4,
            "concept": 2,
            "type": 0
        }
    },
    {
        "pk": 5,
        "model": "skosxl.label",
        "fields": {
            "term": 55,
            "concept": 3,
            "type": 0
        }
    },
    {
        "pk": 1,
        "model": "skosxl.semrelation",
        "fields": {
            "target_concept": 2,
            "type": 0,
            "origin_concept": 3
        }
    }
]